Product Name,Product Type,Price,Workflow Status,Source Artwork,Fulfillment Method,Sales Channels,Print File,Primary Mockup File,Mockup Image Full Set,Etsy Link,Etsy Listing ID,Etsy Shipping Profile,Etsy Status,Finish,Frame Color,Lovable Shipping Rate,Lovable Status,Margin %,Notes,Orientation,Printful Base Cost,Printful Product,Printful SKU,Shipping Cost,Shipping Model,Size,Total Cost,artwork_id,product_id,Mockup Status,Next Action,POC Product
Print — Floating Frame (Printful) — 33x42,Print,,ready-for-review,Where the Water Waits (https://app.notion.com/p/Where-the-Water-Waits-37370b21b17e811aa88ff8c0a7e8cc43?pvs=21),Printful,,,,,,,,,Floating Frame (Printful),Black,,,,AOA-PRD-0061-010 | Large size — confirm Printful SKU and retail price.,,,,,,,33x42,,,,,,No
Print — Floating Frame (Printful) — 33x42,Print,,ready-for-review,Where the Water Waits (https://app.notion.com/p/Where-the-Water-Waits-37370b21b17e811aa88ff8c0a7e8cc43?pvs=21),Printful,,,,,,,,,Floating Frame (Printful),Natural,,,,AOA-PRD-0061-009 | Large size — confirm Printful SKU and retail price.,,,,,,,33x42,,,,,,No
Print — Floating Frame (Printful) — 33x42,Print,,ready-for-review,Where the Water Waits (https://app.notion.com/p/Where-the-Water-Waits-37370b21b17e811aa88ff8c0a7e8cc43?pvs=21),Printful,,,,,,,,,Floating Frame (Printful),White,,,,AOA-PRD-0061-008 | Large size — confirm Printful SKU and retail price.,,,,,,,33x42,,,,,,No
Print — Floating Frame (Printful) — 22x28,Print,,ready-for-review,Where the Water Waits (https://app.notion.com/p/Where-the-Water-Waits-37370b21b17e811aa88ff8c0a7e8cc43?pvs=21),Printful,,,,,,,,,Floating Frame (Printful),Black,,,,AOA-PRD-0061-007 | Medium size — confirm Printful SKU and retail price.,,,,,,,22x28,,,,,,No
Print — Floating Frame (Printful) — 22x28,Print,,ready-for-review,Where the Water Waits (https://app.notion.com/p/Where-the-Water-Waits-37370b21b17e811aa88ff8c0a7e8cc43?pvs=21),Printful,,,,,,,,,Floating Frame (Printful),Natural,,,,AOA-PRD-0061-006 | Medium size — confirm Printful SKU and retail price.,,,,,,,22x28,,,,,,No
Print — Floating Frame (Printful) — 22x28,Print,,ready-for-review,Where the Water Waits (https://app.notion.com/p/Where-the-Water-Waits-37370b21b17e811aa88ff8c0a7e8cc43?pvs=21),Printful,,,,,,,,,Floating Frame (Printful),White,,,,AOA-PRD-0061-005 | Medium size — confirm Printful SKU and retail price.,,,,,,,22x28,,,,,,No
Print — Floating Frame (Printful) — 11x14,Print,,ready-for-review,Where the Water Waits (https://app.notion.com/p/Where-the-Water-Waits-37370b21b17e811aa88ff8c0a7e8cc43?pvs=21),Printful,,,,,,,,,Floating Frame (Printful),Black,,,,"AOA-PRD-0061-004 | Printful variant: floating frame, portrait — confirm Printful SKU and retail price.",,,,,,,11x14,,,,,,No
Print — Floating Frame (Printful) — 11x14,Print,,ready-for-review,Where the Water Waits (https://app.notion.com/p/Where-the-Water-Waits-37370b21b17e811aa88ff8c0a7e8cc43?pvs=21),Printful,,,,,,,,,Floating Frame (Printful),Natural,,,,"AOA-PRD-0061-003 | Printful variant: floating frame, portrait — confirm Printful SKU and retail price.",,,,,,,11x14,,,,,,No
Print — Floating Frame (Printful) — 11x14,Print,,ready-for-review,Where the Water Waits (https://app.notion.com/p/Where-the-Water-Waits-37370b21b17e811aa88ff8c0a7e8cc43?pvs=21),Printful,,,,,,,,,Floating Frame (Printful),White,,,,"AOA-PRD-0061-002 | Printful variant: floating frame, portrait — confirm Printful SKU and retail price.",,,,,,,11x14,,,,,,No
Original — Gallery Wrap (Original) — 11x14,Original,$249.00,ready-for-review,Where the Water Waits (https://app.notion.com/p/Where-the-Water-Waits-37370b21b17e811aa88ff8c0a7e8cc43?pvs=21),manual,,,,,,,,,Gallery Wrap (Original),,,,,AOA-PRD-0061-001 | Original painting record; confirm framing and edge finish before sale.,,,,,,,11x14,,,,,,No
A Place to Return - Maine Coastal Cottage Canvas Print – Dockside Rowboat Wall Art,Printful Print,$65.00,Imported - Pending Review,A Place to Return (https://app.notion.com/p/A-Place-to-Return-35170b21b17e80e1912ae6d7dffeb816?pvs=21),,Etsy,,,,,,,active,Floating Frame (Printful),,,,,Etsy import. Needs variant expansion + Etsy Listing ID.,,,,,,,,,AOA-ART-0001,,,,No
When the Shore Breathes — Coastal Sunset Ocean Landscape Oil Painting Print,Printful Print,$65.00,Imported - Pending Review,When the Shore Breathes (https://app.notion.com/p/When-the-Shore-Breathes-36f70b21b17e814ab743c746dffc2a07?pvs=21),,Etsy,,,,,,,active,Floating Frame (Printful),,,,,Etsy import. Needs variant expansion + Etsy Listing ID.,,,,,,,,,AOA-ART-0037,,,,No
Island Reverie — Coastal Island Seascape Oil Painting Print,Printful Print,$65.00,Imported - Pending Review,Island Reverie (https://app.notion.com/p/Island-Reverie-36f70b21b17e81419bfcf0af371e5dfc?pvs=21),,Etsy,,,,,,,active,Floating Frame (Printful),,,,,Etsy import. Needs variant expansion + Etsy Listing ID.,,,,,,,,,AOA-ART-0049,,,,No
Sky Bound Still — Coastal Marsh Horizon Oil Painting Print,Printful Print,$65.00,Imported - Pending Review,,,Etsy,,,,,,,active,Floating Frame (Printful),,,,,Etsy import. Needs variant expansion + Etsy Listing ID.,,,,,,,,,AOA-ART-0047,,,,No
Summer at Black Point — Coastal Estate Garden Oil Painting Canvas Print,Printful Print,$65.00,Imported - Pending Review,Summer at Black Point (https://app.notion.com/p/Summer-at-Black-Point-36f70b21b17e819d964ef26a6447912b?pvs=21),,Etsy,,,,,,,active,Floating Frame (Printful),,,,,Etsy import. Needs variant expansion + Etsy Listing ID.,,,,,,,,,AOA-ART-0044,,,,No
Tethered by the Tide — Coastal Lobster Buoy Oil Painting Print,Printful Print,$65.00,Imported - Pending Review,,,Etsy,,,,,,,active,Floating Frame (Printful),,,,,Etsy import. Needs variant expansion + Etsy Listing ID.,,,,,,,,,,,,,No
Keeper of the Cove — Red Cottage Harbor Coastal Oil Painting Canvas Print,Printful Print,$65.00,Imported - Pending Review,,,Etsy,,,,,,,active,Floating Frame (Printful),,,,,Etsy import. Needs variant expansion + Etsy Listing ID.,,,,,,,,,,,,,No
Keeper of Cliff Walk — Coastal Shingled Cottage Ocean Oil Painting Canvas Print,Printful Print,$65.00,Imported - Pending Review,,,Etsy,,,,,,,active,Floating Frame (Printful),,,,,Etsy import. Needs variant expansion + Etsy Listing ID.,,,,,,,,,,,,,No
Tethered in Blue – Nautical Harbor Landscape Painting-Oil Painting Canvas PrinT,Printful Print,$65.00,Imported - Pending Review,,,Etsy,,,,,,,active,Floating Frame (Printful),,,,,Etsy import. Needs variant expansion + Etsy Listing ID.,,,,,,,,,,,,,No
Salt and Sunlight– Coastal Maine Lobster Buoy Wall Art- Oil Painting Canvas PrinT,Printful Print,$65.00,Imported - Pending Review,,,Etsy,,,,,,,active,Floating Frame (Printful),,,,,Etsy import. Needs variant expansion + Etsy Listing ID.,,,,,,,,,,,,,No
Framed August Brine-Canvas Print,Printful Print,$85.00,Imported - Pending Review,,,Etsy,,,,,,,active,Floating Frame (Printful),,,,,Etsy import. Needs variant expansion + Etsy Listing ID.,,,,,,,,,,,,,No
Tides Bounty-Harbor Dock Boats Oil Painting Canvas Print,Printful Print,$85.00,Imported - Pending Review,,,Etsy,,,,,,,active,Floating Frame (Printful),,,,,Etsy import. Needs variant expansion + Etsy Listing ID.,,,,,,,,,,,,,No
Lilac Curtain– Floral Landscape Painting Canvas Print-Cottage Garden Wall Art,Printful Print,$85.00,Imported - Pending Review,,,Etsy,,,,,,,active,Floating Frame (Printful),,,,,Etsy import. Needs variant expansion + Etsy Listing ID.,,,,,,,,,,,,,No
Mussel Shell Heart Coastal Canvas Print – Ocean's Heart by Kaleigh Anderson,Printful Print,$85.00,Imported - Pending Review,,,Etsy,,,,,,,active,Floating Frame (Printful),,,,,Etsy import. Needs variant expansion + Etsy Listing ID.,,,,,,,,,,,,,No
Where the Water Wanders – New England Coastal Cottage Art-Oil Painting Canvas PrinT,Printful Print,$65.00,Imported - Pending Review,,,Etsy,,,,,,,active,Floating Frame (Printful),,,,,Etsy import. Needs variant expansion + Etsy Listing ID.,,,,,,,,,,,,,No
Tethered in Blue – Nautical Harbor Landscape Painting-Oil Painting Canvas PrinT,Printful Print,$65.00,Imported - Pending Review,,,Etsy,,,,,,,active,Floating Frame (Printful),,,,,Etsy import. Needs variant expansion + Etsy Listing ID.,,,,,,,,,,,,,No
Salt and Sunlight– Coastal Maine Lobster Buoy Wall Art- Oil Painting Canvas PrinT,Printful Print,$65.00,Imported - Pending Review,,,Etsy,,,,,,,active,Floating Frame (Printful),,,,,Etsy import. Needs variant expansion + Etsy Listing ID.,,,,,,,,,,,,,No
Afternoon over the Ridge – New England Farmhouse Wall Art- Canvas Print,Printful Print,$65.00,Imported - Pending Review,,,Etsy,,,,,,,active,Floating Frame (Printful),,,,,Etsy import. Needs variant expansion + Etsy Listing ID.,,,,,,,,,,,,,No
Portland Begins to Glow – Portland Maine Waterfront Art- Oil Painting Canvas PrinT,Printful Print,$85.00,Imported - Pending Review,,,Etsy,,,,,,,active,Floating Frame (Printful),,,,,Etsy import. Needs variant expansion + Etsy Listing ID.,,,,,,,,,,,,,No
Framed August Brine-Canvas Print,Printful Print,$85.00,Imported - Pending Review,,,Etsy,,,,,,,active,Floating Frame (Printful),,,,,Etsy import. Needs variant expansion + Etsy Listing ID.,,,,,,,,,,,,,No
Tides Bounty-Harbor Dock Boats Oil Painting Canvas Print,Printful Print,$85.00,Imported - Pending Review,,,Etsy,,,,,,,active,Floating Frame (Printful),,,,,Etsy import. Needs variant expansion + Etsy Listing ID.,,,,,,,,,,,,,No
Echoes of the Tide – Blue Mussel Coastal Art,Printful Print,$85.00,Imported - Pending Review,,,Etsy,,,,,,,active,Floating Frame (Printful),,,,,Etsy import. Needs variant expansion + Etsy Listing ID.,,,,,,,,,,,,,No
Held by the Sea – Blue Mussel Shell Painting-Oil Painting Canvas PrinT,Printful Print,$85.00,Imported - Pending Review,,,Etsy,,,,,,,active,Floating Frame (Printful),,,,,Etsy import. Needs variant expansion + Etsy Listing ID.,,,,,,,,,,,,,No
Golden Note — Yellow Bird Oil Painting Canvas Print Coastal Nature Wall Art,Printful Print,$65.00,Imported - Pending Review,Golden Note (https://app.notion.com/p/Golden-Note-36f70b21b17e816cb5cff5d55e5898e9?pvs=21),,Etsy,,,,,,,active,Floating Frame (Printful),,,,,Etsy import. Needs variant expansion + Etsy Listing ID.,,,,,,,,,AOA-ART-0059,,,,No
Echo of the Sea – Blue Mussel Coastal Ocean Art-Oil Painting Canvas Print,Printful Print,$85.00,Imported - Pending Review,,,Etsy,,,,,,,active,Floating Frame (Printful),,,,,Etsy import. Needs variant expansion + Etsy Listing ID.,,,,,,,,,,,,,No
Lilac Curtain– Floral Landscape Painting Canvas Print-Cottage Garden Wall Art,Printful Print,$85.00,Imported - Pending Review,,,Etsy,,,,,,,active,Floating Frame (Printful),,,,,Etsy import. Needs variant expansion + Etsy Listing ID.,,,,,,,,,,,,,No
Verdigris & Blush- Oil Painting Print on Canvas- Whispers of Color and Bloom,Printful Print,$85.00,Imported - Pending Review,Verdigris & Blush (https://app.notion.com/p/Verdigris-Blush-36f70b21b17e813f9453ffdb5763ee1c?pvs=21),,Etsy,,,,,,,active,Floating Frame (Printful),,,,,Etsy import. Needs variant expansion + Etsy Listing ID.,,,,,,,,,AOA-ART-0010,,,,No
Sky on Fire – Coastal Sunset Canvas Print by Kaleigh Anderson | Luminous Ocean Wall Art,Printful Print,$55.00,Imported - Pending Review,Sky on Fire (https://app.notion.com/p/Sky-on-Fire-36f70b21b17e8123b895dde606aa5a88?pvs=21),,Etsy,,,,,,,active,Floating Frame (Printful),,,,,Etsy import. Needs variant expansion + Etsy Listing ID.,,,,,,,,,AOA-ART-0046,,,,No
Return to the Marsh – Coastal Marsh Landscape Canvas Print by Kaleigh Anderson,Printful Print,$55.00,Imported - Pending Review,Return to the Marsh (https://app.notion.com/p/Return-to-the-Marsh-36f70b21b17e816c848eedc52d3461bc?pvs=21),,Etsy,,,,,,,active,Floating Frame (Printful),,,,,Etsy import. Needs variant expansion + Etsy Listing ID.,,,,,,,,,AOA-ART-0005,,,,No
Echoes from the Irish Castle – Ireland Castle Landscape Canvas Print by Kaleigh Anderson,Printful Print,$55.00,Imported - Pending Review,Echoes from the Irish Castle (https://app.notion.com/p/Echoes-from-the-Irish-Castle-36f70b21b17e81fbb8a6dd99524dd53a?pvs=21),,Etsy,,,,,,,active,Floating Frame (Printful),,,,,Etsy import. Needs variant expansion + Etsy Listing ID.,,,,,,,,,AOA-ART-0054,,,,No
Mussel Shell Heart Coastal Canvas Print – Ocean’s Heart by Kaleigh Anderson,Printful Print,$85.00,Imported - Pending Review,,,Etsy,,,,,,,active,Floating Frame (Printful),,,,,Etsy import. Needs variant expansion + Etsy Listing ID.,,,,,,,,,,,,,No
Lilac Floral Still Life Canvas Print – Violet Harmony by Kaleigh Anderson,Printful Print,$65.00,Imported - Pending Review,Violet Harmony (https://app.notion.com/p/Violet-Harmony-36f70b21b17e81368f60d312f4dc4177?pvs=21),,Etsy,,,,,,,active,Floating Frame (Printful),,,,,Etsy import. Needs variant expansion + Etsy Listing ID.,,,,,,,,,AOA-ART-0039,,,,No
Providence Rhode Island Cityscape Canvas Print – First Light on Providence by Kaleigh Anderson,Printful Print,$65.00,Imported - Pending Review,First Light on Providence (https://app.notion.com/p/First-Light-on-Providence-36f70b21b17e8103b656dc1c25d65806?pvs=21),,Etsy,,,,,,,active,Floating Frame (Printful),,,,,Etsy import. Needs variant expansion + Etsy Listing ID.,,,,,,,,,AOA-ART-0053,,,,No
Coastal Cottage Garden Canvas Print – Bellflower House by Kaleigh Anderson,Printful Print,$65.00,Imported - Pending Review,,,Etsy,,,,,,,active,Floating Frame (Printful),,,,,Etsy import. Needs variant expansion + Etsy Listing ID.,,,,,,,,,,,,,No
Pink Floral Still Life Canvas Print – Whispers of Spring by Kaleigh Anderson,Printful Print,$65.00,Imported - Pending Review,,,Etsy,,,,,,,active,Floating Frame (Printful),,,,,Etsy import. Needs variant expansion + Etsy Listing ID.,,,,,,,,,,,,,No
Peach Still Life Window Light Canvas Print – Where Light Rests by Kaleigh Anderson,Printful Print,$65.00,Imported - Pending Review,Where Light Rests (https://app.notion.com/p/Where-Light-Rests-36f70b21b17e812eb4d3ff4a344a1100?pvs=21),,Etsy,,,,,,,active,Floating Frame (Printful),,,,,Etsy import. Needs variant expansion + Etsy Listing ID.,,,,,,,,,AOA-ART-0035,,,,No
Coastal Hydrangea Cottage Canvas Print – When the Hydrangeas Bloom by Kaleigh Anderson,Printful Print,$65.00,Imported - Pending Review,,,Etsy,,,,,,,active,Floating Frame (Printful),,,,,Etsy import. Needs variant expansion + Etsy Listing ID.,,,,,,,,,,,,,No
Chapel Landscape Canvas Print – Morning Prayer by Kaleigh Anderson,Printful Print,$65.00,Imported - Pending Review,Morning Prayer (https://app.notion.com/p/Morning-Prayer-36f70b21b17e81daa0a1e2d793d85da3?pvs=21),,Etsy,,,,,,,active,Floating Frame (Printful),,,,,Etsy import. Needs variant expansion + Etsy Listing ID.,,,,,,,,,AOA-ART-0048,,,,No
Coastal Dune Sunset Canvas Print – Dune Light by Kaleigh Anderson,Printful Print,$65.00,Imported - Pending Review,,,Etsy,,,,,,,active,Floating Frame (Printful),,,,,Etsy import. Needs variant expansion + Etsy Listing ID.,,,,,,,,,,,,,No
Sunset Boat Reflection Landscape Canvas Print – When the Water Remembered the Sky,Printful Print,$65.00,Imported - Pending Review,When the Water Remembered the Sky (https://app.notion.com/p/When-the-Water-Remembered-the-Sky-36f70b21b17e81aea882f59dae15c15f?pvs=21),,Etsy,,,,,,,active,Floating Frame (Printful),,,,,Etsy import. Needs variant expansion + Etsy Listing ID.,,,,,,,,,AOA-ART-0036,,,,No
Coastal Cottage Ocean Landscape Canvas Print – Where the Air is Salt by Kaleigh Anderson,Printful Print,$65.00,Imported - Pending Review,Where the Air is Salt (https://app.notion.com/p/Where-the-Air-is-Salt-36f70b21b17e81f3bf46e4afccc2e4e8?pvs=21),,Etsy,,,,,,,active,Floating Frame (Printful),,,,,Etsy import. Needs variant expansion + Etsy Listing ID.,,,,,,,,,AOA-ART-0034,,,,No
Pink Sunset Marsh Landscape Canvas Print – Gilded No. 8 When the Sky Blushes,Printful Print,$65.00,Imported - Pending Review,,,Etsy,,,,,,,active,Floating Frame (Printful),,,,,Etsy import. Needs variant expansion + Etsy Listing ID.,,,,,,,,,,,,,No
Marsh Sunset Landscape Canvas Print – After the Sun Slows by Kaleigh Anderson,Printful Print,$65.00,Imported - Pending Review,,,Etsy,,,,,,,active,Floating Frame (Printful),,,,,Etsy import. Needs variant expansion + Etsy Listing ID.,,,,,,,,,,,,,No
Coastal Docked Boats Canvas Print – Tied to the Light by Kaleigh Anderson,Printful Print,$65.00,Imported - Pending Review,Tied to the Light (https://app.notion.com/p/Tied-to-the-Light-36f70b21b17e81c4b6d5f3a153db234d?pvs=21),,Etsy,,,,,,,active,Floating Frame (Printful),,,,,Etsy import. Needs variant expansion + Etsy Listing ID.,,,,,,,,,AOA-ART-0040,,,,No
Farm Field Countryside Landscape Canvas Print – Tilled Light by Kaleigh Anderson,Printful Print,$65.00,Imported - Pending Review,Tilled Light (https://app.notion.com/p/Tilled-Light-36f70b21b17e81e9a72ef270d567fa3c?pvs=21),,Etsy,,,,,,,active,Floating Frame (Printful),,,,,Etsy import. Needs variant expansion + Etsy Listing ID.,,,,,,,,,AOA-ART-0038,,,,No
Colorful Sunset Seascape Canvas Print – The Sky Remembered You by Kaleigh Anderson,Printful Print,$65.00,Imported - Pending Review,,,Etsy,,,,,,,active,Floating Frame (Printful),,,,,Etsy import. Needs variant expansion + Etsy Listing ID.,,,,,,,,,,,,,No
Red Barn Countryside Canvas Print – The Girl in the Yellow Coat by Kaleigh Anderson,Printful Print,$65.00,Imported - Pending Review,The Girl in the Yellow Coat (https://app.notion.com/p/The-Girl-in-the-Yellow-Coat-36f70b21b17e8124ac1cdb5205fa6358?pvs=21),,Etsy,,,,,,,active,Floating Frame (Printful),,,,,Etsy import. Needs variant expansion + Etsy Listing ID.,,,,,,,,,AOA-ART-0042,,,,No
Deer and Fawn Forest Canvas Print – The Quiet Bond by Kaleigh Anderson,Printful Print,$65.00,Imported - Pending Review,,,Etsy,,,,,,,active,Floating Frame (Printful),,,,,Etsy import. Needs variant expansion + Etsy Listing ID.,,,,,,,,,,,,,No
Stoneware Pottery Still Life Canvas Print – Sun on Stoneware by Kaleigh Anderson,Printful Print,$65.00,Imported - Pending Review,Sun on Stoneware (https://app.notion.com/p/Sun-on-Stoneware-36f70b21b17e817bb039dc61d5417bd2?pvs=21),,Etsy,,,,,,,active,Floating Frame (Printful),,,,,Etsy import. Needs variant expansion + Etsy Listing ID.,,,,,,,,,AOA-ART-0041,,,,No
Blue Mussel Shell Coastal Canvas Print – Sea Memory by Kaleigh Anderson,Printful Print,$85.00,Imported - Pending Review,Sea Memory (https://app.notion.com/p/Sea-Memory-36f70b21b17e8120b797cf5173d41afa?pvs=21),,Etsy,,,,,,,active,Floating Frame (Printful),,,,,Etsy import. Needs variant expansion + Etsy Listing ID.,,,,,,,,,AOA-ART-0027,,,,No
Blue Mussel Shell Kitchen Art Canvas Print – The Mussels Were Perfect by Kaleigh Anderson,Printful Print,$85.00,Imported - Pending Review,The Mussels Were Perfect (https://app.notion.com/p/The-Mussels-Were-Perfect-36f70b21b17e81da88ceed881651c804?pvs=21),,Etsy,,,,,,,active,Floating Frame (Printful),,,,,Etsy import. Needs variant expansion + Etsy Listing ID.,,,,,,,,,AOA-ART-0023,,,,No
Coastal Marsh Landscape Canvas Print – Where the Water Wanders by Kaleigh Anderson,Printful Print,$65.00,Imported - Pending Review,,,Etsy,,,,,,,active,Floating Frame (Printful),,,,,Etsy import. Needs variant expansion + Etsy Listing ID.,,,,,,,,,,,,,No
Pastel Sunset Seascape Canvas Print – Gilded No. 12 by Kaleigh Anderson,Printful Print,$65.00,Imported - Pending Review,,,Etsy,,,,,,,active,Floating Frame (Printful),,,,,Etsy import. Needs variant expansion + Etsy Listing ID.,,,,,,,,,,,,,No
Stormy Marsh Landscape Canvas Print – Gilded No. 11 by Kaleigh Anderson,Printful Print,$65.00,Imported - Pending Review,Stormy Marsh (https://app.notion.com/p/Stormy-Marsh-36f70b21b17e812fb246cfad813a58ad?pvs=21),,Etsy,,,,,,,active,Floating Frame (Printful),,,,,Etsy import. Needs variant expansion + Etsy Listing ID.,,,,,,,,,AOA-ART-0051,,,,No
Lemon Still Life Kitchen Canvas Print – Citrine Radiance by Kaleigh Anderson,Printful Print,$65.00,Imported - Pending Review,,,Etsy,,,,,,,active,Floating Frame (Printful),,,,,Etsy import. Needs variant expansion + Etsy Listing ID.,,,,,,,,,,,,,No
Seagull Coastal Bird Canvas Print – At Ease by the Sea by Kaleigh Anderson,Printful Print,$65.00,Imported - Pending Review,,,Etsy,,,,,,,active,Floating Frame (Printful),,,,,Etsy import. Needs variant expansion + Etsy Listing ID.,,,,,,,,,,,,,No
Lobster Fisherman Harbor Canvas Print – Hands of the Harbor by Kaleigh Anderson,Printful Print,$65.00,Imported - Pending Review,Hands of the Harbor (https://app.notion.com/p/Hands-of-the-Harbor-36f70b21b17e8192ae87ecef1f41db65?pvs=21),,Etsy,,,,,,,active,Floating Frame (Printful),,,,,Etsy import. Needs variant expansion + Etsy Listing ID.,,,,,,,,,AOA-ART-0017,,,,No
Lobster Buoy Harbor Canvas Print – Harbor Signals by Kaleigh Anderson,Printful Print,$65.00,Imported - Pending Review,,,Etsy,,,,,,,active,Floating Frame (Printful),,,,,Etsy import. Needs variant expansion + Etsy Listing ID.,,,,,,,,,,,,,No
Lemon Still Life Kitchen Canvas Print – Citrine Silence by Kaleigh Anderson,Printful Print,$65.00,Imported - Pending Review,Citrine Silence (https://app.notion.com/p/Citrine-Silence-36f70b21b17e811d82f7da6f2433cd1d?pvs=21),,Etsy,,,,,,,active,Floating Frame (Printful),,,,,Etsy import. Needs variant expansion + Etsy Listing ID.,,,,,,,,,AOA-ART-0020,,,,No
Forsythia Flower Still Life Canvas Print – Forsythia Light by Kaleigh Anderson,Printful Print,$65.00,Imported - Pending Review,Forsythia Light (https://app.notion.com/p/Forsythia-Light-36f70b21b17e8156a6eadb91f52a172c?pvs=21),,Etsy,,,,,,,active,Floating Frame (Printful),,,,,Etsy import. Needs variant expansion + Etsy Listing ID.,,,,,,,,,AOA-ART-0058,,,,No
Coastal Cottage Ocean Canvas Print – By the Blue Door by Kaleigh Anderson,Printful Print,$65.00,Imported - Pending Review,,,Etsy,,,,,,,active,Floating Frame (Printful),,,,,Etsy import. Needs variant expansion + Etsy Listing ID.,,,,,,,,,,,,,No
Coastal Stilt House Sunrise Canvas Print – Dockside Morning Marsh Landscape Wall Art,Printful Print,$85.00,Imported - Pending Review,,,Etsy,,,,,,,active,Floating Frame (Printful),,,,,Etsy import. Needs variant expansion + Etsy Listing ID.,,,,,,,,,,,,,No
Coastal Shell Still Life Canvas Print – Shore Memory by Kaleigh Anderson,Printful Print,$65.00,Imported - Pending Review,Shore Memory (https://app.notion.com/p/Shore-Memory-36f70b21b17e8127acc9eb46919493de?pvs=21),,Etsy,,,,,,,active,Floating Frame (Printful),,,,,Etsy import. Needs variant expansion + Etsy Listing ID.,,,,,,,,,AOA-ART-0012,,,,No
Cottage Garden Flower Landscape Canvas Print – Through the Garden Gate by Kaleigh Anderson,Printful Print,$65.00,Imported - Pending Review,,,Etsy,,,,,,,active,Floating Frame (Printful),,,,,Etsy import. Needs variant expansion + Etsy Listing ID.,,,,,,,,,,,,,No
Sailboat Seascape Canvas Print – Sails in the Mist by Kaleigh Anderson,Printful Print,$65.00,Imported - Pending Review,,,Etsy,,,,,,,active,Floating Frame (Printful),,,,,Etsy import. Needs variant expansion + Etsy Listing ID.,,,,,,,,,,,,,No
Coastal Boat Harbor Canvas Print – Tethered in Blue by Kaleigh Anderson,Printful Print,$65.00,Imported - Pending Review,,,Etsy,,,,,,,active,Floating Frame (Printful),,,,,Etsy import. Needs variant expansion + Etsy Listing ID.,,,,,,,,,,,,,No
Monhegan Island Cottage Landscape Canvas Print – Red Roofs of Monhegan by Kaleigh Anderson,Printful Print,$65.00,Imported - Pending Review,Red Roofs of Monhegan (https://app.notion.com/p/Red-Roofs-of-Monhegan-36f70b21b17e81798d22f41f00c0ab4f?pvs=21),,Etsy,,,,,,,active,Floating Frame (Printful),,,,,Etsy import. Needs variant expansion + Etsy Listing ID.,,,,,,,,,AOA-ART-0014,,,,No
Whisper of the Lake – Birch Tree Lake Landscape Canvas Print by Kaleigh Anderson,Printful Print,$65.00,Imported - Pending Review,,,Etsy,,,,,,,active,Floating Frame (Printful),,,,,Etsy import. Needs variant expansion + Etsy Listing ID.,,,,,,,,,,,,,No
Avocado Kitchen Wall Art Canvas Print – Avo Love Modern Food Still Life,Printful Print,$85.00,Imported - Pending Review,Avo Love (https://app.notion.com/p/Avo-Love-36f70b21b17e817dbf38f5caefca5b26?pvs=21),,Etsy,,,,,,,active,Floating Frame (Printful),,,,,Etsy import. Needs variant expansion + Etsy Listing ID.,,,,,,,,,AOA-ART-0031,,,,No
Floral Still Life Canvas Print – Whispers Over Tea by Kaleigh Anderson,Printful Print,$65.00,Imported - Pending Review,,,Etsy,,,,,,,active,Floating Frame (Printful),,,,,Etsy import. Needs variant expansion + Etsy Listing ID.,,,,,,,,,,,,,No
Coastal Sunset Canvas Print – Gilded Horizons No. 10 Marsh Landscape Wall Art,Printful Print,$85.00,Imported - Pending Review,Gilded Horizons No. 10 (https://app.notion.com/p/Gilded-Horizons-No-10-36f70b21b17e81c99831cd2e9817a126?pvs=21),,Etsy,,,,,,,active,Floating Frame (Printful),,,,,Etsy import. Needs variant expansion + Etsy Listing ID.,,,,,,,,,AOA-ART-0030,,,,No
Beneath the Blue Veil – Coastal Mussel Shell Canvas Print by Kaleigh Anderson,Printful Print,$65.00,Imported - Pending Review,,,Etsy,,,,,,,active,Floating Frame (Printful),,,,,Etsy import. Needs variant expansion + Etsy Listing ID.,,,,,,,,,,,,,No
Resting Tide – Coastal Boat Seascape Canvas Print by Kaleigh Anderson,Printful Print,$55.00,Imported - Pending Review,Resting Tide (https://app.notion.com/p/Resting-Tide-36f70b21b17e8105ba32c3db1230cea8?pvs=21),,Etsy,,,,,,,active,Floating Frame (Printful),,,,,Etsy import. Needs variant expansion + Etsy Listing ID.,,,,,,,,,AOA-ART-0013,,,,No
Coastal Buoy House Canvas Print – The Buoy House Nautical Beach Cottage Wall Art,Printful Print,$85.00,Imported - Pending Review,,,Etsy,,,,,,,active,Floating Frame (Printful),,,,,Etsy import. Needs variant expansion + Etsy Listing ID.,,,,,,,,,,,,,No
Sea Window – Coastal Sunset Seascape Canvas Print by Kaleigh Anderson,Printful Print,$55.00,Imported - Pending Review,,,Etsy,,,,,,,active,Floating Frame (Printful),,,,,Etsy import. Needs variant expansion + Etsy Listing ID.,,,,,,,,,,,,,No
Between Branches and Light – Coastal Harbor Landscape Canvas Print by Kaleigh Anderson,Printful Print,$55.00,Imported - Pending Review,,,Etsy,,,,,,,active,Floating Frame (Printful),,,,,Etsy import. Needs variant expansion + Etsy Listing ID.,,,,,,,,,,,,,No
Whispers of the Marsh – Coastal Marsh Landscape Canvas Print by Kaleigh Anderson,Printful Print,$85.00,Imported - Pending Review,,,Etsy,,,,,,,active,Floating Frame (Printful),,,,,Etsy import. Needs variant expansion + Etsy Listing ID.,,,,,,,,,,,,,No
Marsh Mirage – Coastal Marsh Sunset Canvas Print by Kaleigh Anderson,Printful Print,$85.00,Imported - Pending Review,,,Etsy,,,,,,,active,Floating Frame (Printful),,,,,Etsy import. Needs variant expansion + Etsy Listing ID.,,,,,,,,,,,,,No
At the Edge of Town – Countryside Landscape Canvas Print by Kaleigh Anderson,Printful Print,$55.00,Imported - Pending Review,At the Edge of Town (https://app.notion.com/p/At-the-Edge-of-Town-36f70b21b17e81bcbdecf54b942f0632?pvs=21),,Etsy,,,,,,,active,Floating Frame (Printful),,,,,Etsy import. Needs variant expansion + Etsy Listing ID.,,,,,,,,,AOA-ART-0055,,,,No
Midnight Harbor – Moonlit Harbor Landscape Canvas Print by Kaleigh Anderson,Printful Print,$55.00,Imported - Pending Review,Midnight Harbor (https://app.notion.com/p/Midnight-Harbor-36f70b21b17e81a38448d993956e25ee?pvs=21),,Etsy,,,,,,,active,Floating Frame (Printful),,,,,Etsy import. Needs variant expansion + Etsy Listing ID.,,,,,,,,,AOA-ART-0016,,,,No
Light Keeper’s Solitude – Lighthouse Sunset Seascape Canvas Print by Kaleigh Anderson,Printful Print,$55.00,Imported - Pending Review,,,Etsy,,,,,,,active,Floating Frame (Printful),,,,,Etsy import. Needs variant expansion + Etsy Listing ID.,,,,,,,,,,,,,No
Secret Garden – Cottage Garden Landscape Canvas Print by Kaleigh Anderson,Printful Print,$55.00,Imported - Pending Review,,,Etsy,,,,,,,active,Floating Frame (Printful),,,,,Etsy import. Needs variant expansion + Etsy Listing ID.,,,,,,,,,,,,,No
Cliff Haven – Coastal Cottage Landscape Canvas Print by Kaleigh Anderson,Printful Print,$55.00,Imported - Pending Review,,,Etsy,,,,,,,active,Floating Frame (Printful),,,,,Etsy import. Needs variant expansion + Etsy Listing ID.,,,,,,,,,,,,,No
Fresh Cut Delight – Floral Still Life Canvas Print by Kaleigh Anderson,Printful Print,$55.00,Imported - Pending Review,,,Etsy,,,,,,,active,Floating Frame (Printful),,,,,Etsy import. Needs variant expansion + Etsy Listing ID.,,,,,,,,,,,,,No
Cupola Light – Coastal Cupola Architecture Canvas Print by Kaleigh Anderson,Printful Print,$55.00,Imported - Pending Review,Cupola Light (https://app.notion.com/p/Cupola-Light-36f70b21b17e81d79189da489bb3f291?pvs=21),,Etsy,,,,,,,active,Floating Frame (Printful),,,,,Etsy import. Needs variant expansion + Etsy Listing ID.,,,,,,,,,AOA-ART-0057,,,,No
Minimalist Houseplant Canvas Print – Quiet Corner Modern Botanical Wall Art,Printful Print,$85.00,Imported - Pending Review,,,Etsy,,,,,,,active,Floating Frame (Printful),,,,,Etsy import. Needs variant expansion + Etsy Listing ID.,,,,,,,,,,,,,No
Tied to the Morning – Coastal Harbor Boat Canvas Print by Kaleigh Anderson,Printful Print,$55.00,Imported - Pending Review,Tied to the Morning (https://app.notion.com/p/Tied-to-the-Morning-36f70b21b17e81e0b216ee012a2917f4?pvs=21),,Etsy,,,,,,,active,Floating Frame (Printful),,,,,Etsy import. Needs variant expansion + Etsy Listing ID.,,,,,,,,,AOA-ART-0011,,,,No
Where Peace Hangs – Coastal Porch Landscape Canvas Print by Kaleigh Anderson,Printful Print,$55.00,Imported - Pending Review,,,Etsy,,,,,,,active,Floating Frame (Printful),,,,,Etsy import. Needs variant expansion + Etsy Listing ID.,,,,,,,,,,,,,No
Shoreline Color – Coastal Wildflower Seascape Canvas Print by Kaleigh Anderson,Printful Print,$55.00,Imported - Pending Review,,,Etsy,,,,,,,active,Floating Frame (Printful),,,,,Etsy import. Needs variant expansion + Etsy Listing ID.,,,,,,,,,,,,,No
After the Catch – Coastal Harbor Buoy Canvas Print by Kaleigh Anderson,Printful Print,$55.00,Imported - Pending Review,After the Catch (https://app.notion.com/p/After-the-Catch-36f70b21b17e81c6a41fcb869757ee27?pvs=21),,Etsy,,,,,,,active,Floating Frame (Printful),,,,,Etsy import. Needs variant expansion + Etsy Listing ID.,,,,,,,,,AOA-ART-0021,,,,No
Cobalt Bloom – Floral Still Life Canvas Print by Kaleigh Anderson,Printful Print,$55.00,Imported - Pending Review,Cobalt Bloom (https://app.notion.com/p/Cobalt-Bloom-36f70b21b17e81769adeebf6eb17abdb?pvs=21),,Etsy,,,,,,,active,Floating Frame (Printful),,,,,Etsy import. Needs variant expansion + Etsy Listing ID.,,,,,,,,,AOA-ART-0003,,,,No
Quiet Garden Light – Cottage Garden Landscape Canvas Print by Kaleigh Anderson,Printful Print,$55.00,Imported - Pending Review,Quiet Garden Light (https://app.notion.com/p/Quiet-Garden-Light-36f70b21b17e8152880cc70e50771b9a?pvs=21),,Etsy,,,,,,,active,Floating Frame (Printful),,,,,Etsy import. Needs variant expansion + Etsy Listing ID.,,,,,,,,,AOA-ART-0056,,,,No
The Sweet Unknowing- Oil Painting Canvas Print- Golden Foal,Printful Print,$85.00,Imported - Pending Review,The Sweet Unknowing (https://app.notion.com/p/The-Sweet-Unknowing-36f70b21b17e81f3bd7cdbba283a2828?pvs=21),,Etsy,,,,,,,active,Floating Frame (Printful),,,,,Etsy import. Needs variant expansion + Etsy Listing ID.,,,,,,,,,AOA-ART-0022,,,,No
Anchored- Emerald Shore- Oil Painting Canvas Print,Printful Print,$65.00,Imported - Pending Review,,,Etsy,,,,,,,active,Floating Frame (Printful),,,,,Etsy import. Needs variant expansion + Etsy Listing ID.,,,,,,,,,,,,,No
"The Sea Forgot the Rules- Oil Painting Canvas Print- Lobster Lines, Maine",Printful Print,$85.00,Imported - Pending Review,The Sea Forgot the Rules (https://app.notion.com/p/The-Sea-Forgot-the-Rules-36f70b21b17e81209cf2dd2c1e8f92ed?pvs=21),,Etsy,,,,,,,active,Floating Frame (Printful),,,,,Etsy import. Needs variant expansion + Etsy Listing ID.,,,,,,,,,AOA-ART-0024,,,,No
Study of Lupins-Lupins at Dawn-Oil Painting Canvas Print,Printful Print,$85.00,Imported - Pending Review,,,Etsy,,,,,,,active,Floating Frame (Printful),,,,,Etsy import. Needs variant expansion + Etsy Listing ID.,,,,,,,,,,,,,No
"Stay Awhile, August-Plum Light-Oil Painting Canvas Print",Printful Print,$85.00,Imported - Pending Review,"Stay Awhile, August (https://app.notion.com/p/Stay-Awhile-August-36f70b21b17e81b1b1b6e9a919dfcc0b?pvs=21)",,Etsy,,,,,,,active,Floating Frame (Printful),,,,,Etsy import. Needs variant expansion + Etsy Listing ID.,,,,,,,,,AOA-ART-0025,,,,No
Morning Visitor-Lilac Watch-Oil Painting Canvas Print,Printful Print,$85.00,Imported - Pending Review,,,Etsy,,,,,,,active,Floating Frame (Printful),,,,,Etsy import. Needs variant expansion + Etsy Listing ID.,,,,,,,,,,,,,No
Citrus Radiance- Oil Painting Canvas Print- Citrus Light,Printful Print,$65.00,Imported - Pending Review,Citrus Radiance (https://app.notion.com/p/Citrus-Radiance-36f70b21b17e811f8c98cc4c17d0d6e2?pvs=21),,Etsy,,,,,,,active,Floating Frame (Printful),,,,,Etsy import. Needs variant expansion + Etsy Listing ID.,,,,,,,,,AOA-ART-0019,,,,No
Harbor Line- Oil Painting Canvas Print-Cape Breeze,Printful Print,$65.00,Imported - Pending Review,Harbor Line (https://app.notion.com/p/Harbor-Line-36f70b21b17e8112bd56c19ff2010d86?pvs=21),,Etsy,,,,,,,active,Floating Frame (Printful),,,,,Etsy import. Needs variant expansion + Etsy Listing ID.,,,,,,,,,AOA-ART-0015,,,,No
When the Day Breathes – Coastal Sunset Oil Painting Canvas Print by Kaleigh Anderson,Printful Print,$85.00,Imported - Pending Review,,,Etsy,,,,,,,active,Floating Frame (Printful),,,,,Etsy import. Needs variant expansion + Etsy Listing ID.,,,,,,,,,,,,,No
Blue Vase Floral Still Life Canvas Print – Coastal Cottage Wall Art,Printful Print,$65.00,Imported - Pending Review,,,Etsy,,,,,,,active,Floating Frame (Printful),,,,,Etsy import. Needs variant expansion + Etsy Listing ID.,,,,,,,,,,,,,No
Sunrise Oil Painting Print 20x10 Canvas | Five at Dawn,Printful Print,$110.00,Imported - Pending Review,Five at Dawn (https://app.notion.com/p/Five-at-Dawn-36f70b21b17e816bb2c4c0b119564a8c?pvs=21),,Etsy,,,,,,,active,Floating Frame (Printful),,,,,Etsy import. Needs variant expansion + Etsy Listing ID.,,,,,,,,,AOA-ART-0052,,,,No
Light Through the Clouds,Printful Print,$95.00,Imported - Pending Review,Light Through the Clouds (https://app.notion.com/p/Light-Through-the-Clouds-36770b21b17e813dac17f93694f60035?pvs=21),,Etsy,,,,,,,active,Floating Frame (Printful),,,,,Etsy import. Needs variant expansion + Etsy Listing ID.,,,,,,,,,AOA-ART-0002,,,,No
Light Through the Clouds — Framed Canvas Print Large Black,Printful Print,$230.00,Imported - Pending Review,Light Through the Clouds (https://app.notion.com/p/Light-Through-the-Clouds-36770b21b17e813dac17f93694f60035?pvs=21),Printful,Etsy,,,,,,#PF-FRGFREE,draft,Floating Frame (Printful),Black,0,N/A,60,"Printful Framed Canvas (in), Horizontal orientation. Base $81.60 + shipping $10.49 = $92.09 cost. Retail $230 at 60% margin.",Horizontal,81.6,Framed Canvas (in),,10.49,Printful-free,24×32,92.09,AOA-ART-0002,AOA-PRD-0002-010,,,No
Light Through the Clouds — Framed Canvas Print Large Brown,Printful Print,$230.00,Imported - Pending Review,Light Through the Clouds (https://app.notion.com/p/Light-Through-the-Clouds-36770b21b17e813dac17f93694f60035?pvs=21),Printful,Etsy,,,,,,#PF-FRGFREE,draft,Floating Frame (Printful),Brown,0,N/A,60,"Printful Framed Canvas (in), Horizontal orientation. Base $81.60 + shipping $10.49 = $92.09 cost. Retail $230 at 60% margin.",Horizontal,81.6,Framed Canvas (in),,10.49,Printful-free,24×32,92.09,AOA-ART-0002,AOA-PRD-0002-009,,,No
Light Through the Clouds — Framed Canvas Print Large White,Printful Print,$230.00,Imported - Pending Review,Light Through the Clouds (https://app.notion.com/p/Light-Through-the-Clouds-36770b21b17e813dac17f93694f60035?pvs=21),Printful,Etsy,,,,,,#PF-FRGFREE,draft,Floating Frame (Printful),White,0,N/A,60,"Printful Framed Canvas (in), Horizontal orientation. Base $81.60 + shipping $10.49 = $92.09 cost. Retail $230 at 60% margin.",Horizontal,81.6,Framed Canvas (in),,10.49,Printful-free,24×32,92.09,AOA-ART-0002,AOA-PRD-0002-008,,,No
Light Through the Clouds — Framed Canvas Print Medium Black,Printful Print,$180.00,Imported - Pending Review,Light Through the Clouds (https://app.notion.com/p/Light-Through-the-Clouds-36770b21b17e813dac17f93694f60035?pvs=21),Printful,Etsy,,,,,,#PF-FRGFREE,draft,Floating Frame (Printful),Black,0,N/A,60,"Printful Framed Canvas (in), Horizontal orientation. Base $61.20 + shipping $9.49 = $70.69 cost. Retail $180 at 60% margin.",Horizontal,61.2,Framed Canvas (in),,9.49,Printful-free,16×20,70.69,AOA-ART-0002,AOA-PRD-0002-007,,,No
Light Through the Clouds — Framed Canvas Print Medium Brown,Printful Print,$180.00,Imported - Pending Review,Light Through the Clouds (https://app.notion.com/p/Light-Through-the-Clouds-36770b21b17e813dac17f93694f60035?pvs=21),Printful,Etsy,,,,,,#PF-FRGFREE,draft,Floating Frame (Printful),Brown,0,N/A,60,"Printful Framed Canvas (in), Horizontal orientation. Base $61.20 + shipping $9.49 = $70.69 cost. Retail $180 at 60% margin.",Horizontal,61.2,Framed Canvas (in),,9.49,Printful-free,16×20,70.69,AOA-ART-0002,AOA-PRD-0002-006,,,No
Light Through the Clouds — Framed Canvas Print Medium White,Printful Print,$180.00,Imported - Pending Review,Light Through the Clouds (https://app.notion.com/p/Light-Through-the-Clouds-36770b21b17e813dac17f93694f60035?pvs=21),Printful,Etsy,,,,,,#PF-FRGFREE,draft,Floating Frame (Printful),White,0,N/A,60,"Printful Framed Canvas (in), Horizontal orientation. Base $61.20 + shipping $9.49 = $70.69 cost. Retail $180 at 60% margin.",Horizontal,61.2,Framed Canvas (in),,9.49,Printful-free,16×20,70.69,AOA-ART-0002,AOA-PRD-0002-005,,,No
Light Through the Clouds — Framed Canvas Print Small Black,Printful Print,$95.00,Imported - Pending Review,Light Through the Clouds (https://app.notion.com/p/Light-Through-the-Clouds-36770b21b17e813dac17f93694f60035?pvs=21),Printful,Etsy,,,,,,#PF-FRGFREE,draft,Floating Frame (Printful),Black,0,N/A,60,"Printful Framed Canvas (in), Horizontal orientation. Base $27.80 + shipping $9.49 = $37.29 cost. Retail $95 at 60% margin.",Horizontal,27.8,Framed Canvas (in),,9.49,Printful-free,8×10,37.29,AOA-ART-0002,AOA-PRD-0002-004,,,No
Light Through the Clouds — Framed Canvas Print Small Brown,Printful Print,$95.00,Imported - Pending Review,Light Through the Clouds (https://app.notion.com/p/Light-Through-the-Clouds-36770b21b17e813dac17f93694f60035?pvs=21),Printful,Etsy,,,,,,#PF-FRGFREE,draft,Floating Frame (Printful),Brown,0,N/A,60,"Printful Framed Canvas (in), Horizontal orientation. Base $27.80 + shipping $9.49 = $37.29 cost. Retail $95 at 60% margin.",Horizontal,27.8,Framed Canvas (in),,9.49,Printful-free,8×10,37.29,AOA-ART-0002,AOA-PRD-0002-003,,,No
Light Through the Clouds — Framed Canvas Print Small White,Printful Print,$95.00,Imported - Pending Review,Light Through the Clouds (https://app.notion.com/p/Light-Through-the-Clouds-36770b21b17e813dac17f93694f60035?pvs=21),Printful,Etsy,,,,,,#PF-FRGFREE,draft,Floating Frame (Printful),White,0,N/A,60,"Printful Framed Canvas (in), Horizontal orientation. Base $27.80 + shipping $9.49 = $37.29 cost. Retail $95 at 60% margin.",Horizontal,27.8,Framed Canvas (in),,9.49,Printful-free,8×10,37.29,AOA-ART-0002,AOA-PRD-0002-002,,,No